x1,x2,x3,x4,x5,x6
0,1.0e6,0,0,0,0
0,1,1,2,3,4
0,1,2,12,26,18
0.0,6100,62392,62835,936940,93868
0.25,5844,57961,58592,895033,89809
0.5,5427,54449,54031,880369,87656
0.75,4915,50240,51009,871170,87470
1.0,4658,46844,47305,866693,86456
1.25,4389,43659,44460,860058,85900
1.5,4035,40577,41325,854289,85042
1.75,3748,37851,38714,846658,85001
2.0,3554,35260,36685,841472,84146
2.25,3367,32499,34388,836197,82842
2.5,2958,30649,31999,831027,83005
2.75,2809,28469,29987,825344,82652
3.0,2576,26223,28019,817762,81924
3.25,2517,24813,26496,813326,81537
3.5,2263,22756,24678,809672,80485
3.75,2162,21322,23668,800597,80700
4.0,2008,19805,22173,796750,79666
4.25,1855,18571,21107,791937,79301
4.5,1698,17414,19274,786693,78806
4.75,1538,16042,18522,781747,78174
5.0,1450,14980,17335,776507,77562
5.25,1383,13855,16460,770724,77730
5.5,1268,12836,15490,766731,76703
5.75,1170,12098,14566,762894,75946
6.0,1080,11519,13886,755893,75361
6.25,1052,10371,13288,750663,74900
6.5,897,9756,12252,745720,74309
6.75,919,9157,11690,740651,73630
7.0,827,8455,10883,735451,73620
7.25,800,7968,10294,729786,73466
7.5,716,7458,9543,725706,72477
7.75,616,6959,9325,719992,72144
8.0,634,6444,8677,716196,71715
8.25,585,6049,8151,711635,71131
8.5,521,5613,7675,708096,70489
8.75,507,5202,7411,702047,70004
9.0,463,4815,7003,697250,69715
9.25,475,4665,6608,692810,68914
9.5,345,4280,6112,688533,68123
9.75,397,3991,5910,684764,68700
10.0,335,3750,5535,679034,67891
10.25,344,3449,5249,675492,67509
10.5,334,3245,5053,670626,67399
10.75,288,2967,4679,665059,67054
11.0,278,2840,4460,660534,66070
11.25,263,2603,4409,656894,65843
11.5,203,2381,4017,654486,65247
11.75,216,2335,3785,648936,65276
12.0,218,2092,3617,645061,64480
12.25,174,2059,3348,640290,63677
12.5,188,1898,3198,637612,63615
12.75,177,1773,3066,631190,62984
13.0,148,1702,2829,628478,62369
13.25,148,1512,2680,624479,62221
13.5,155,1449,2500,619949,61765
13.75,146,1354,2571,616512,61951
14.0,107,1223,2340,612440,61401
14.25,131,1216,2260,607279,60697
14.5,106,1078,2068,604144,60523
14.75,97,1067,1995,600323,60322
15.0,84,947,1903,597875,59642
15.25,78,906,1763,593901,59044
15.5,90,833,1622,589052,59019
15.75,80,784,1583,585058,58959
16.0,65,732,1539,581395,58308
16.25,73,685,1445,578808,57815
16.5,72,621,1375,573424,57814
16.75,52,629,1343,571322,56673
17.0,67,571,1211,566265,56931
17.25,51,563,1205,564019,56478
17.5,57,589,1130,560721,56044
17.75,50,453,1017,556214,56112
18.0,42,467,1017,552256,55492
18.25,46,433,945,549288,55202
18.5,43,472,898,546259,54403
18.75,42,389,860,543324,54124
19.0,30,391,788,539144,54001
19.25,37,374,819,536860,53623
19.5,40,336,788,531265,53228
19.75,33,349,755,529262,52812
20.0,31,329,653,525321,52389
20.25,31,284,666,521964,51948
20.5,26,290,598,518714,51799
20.75,26,278,664,514988,51623
21.0,18,284,587,512781,51224
21.25,31,261,577,508947,50293
21.5,34,249,527,505986,50594
21.75,31,221,504,500675,50381
22.0,21,205,507,498995,50078
22.25,23,187,494,496350,50160
22.5,26,216,453,492807,49643
22.75,15,179,462,490044,49114
23.0,9,168,452,486811,48625
23.25,13,189,372,483736,48405
23.5,18,185,384,481729,48051
23.75,21,167,351,478329,47980
24.0,12,174,373,474619,47497
24.25,15,179,338,473363,47014
24.5,10,149,353,469148,46995
24.75,16,125,320,466767,46923
25.0,17,138,315,463512,46403
25.25,17,146,278,460728,46502
25.5,13,149,290,456400,45700
25.75,14,136,263,455923,45677
26.0,14,124,249,452791,45239
26.25,15,126,258,449756,45062
26.5,11,113,257,446388,44704
26.75,14,140,257,443674,44442
27.0,13,115,229,441276,44449
27.25,13,109,245,438187,43734
27.5,12,117,221,435663,43949
27.75,17,122,249,432872,43151
28.0,9,130,208,430255,43085
28.25,15,88,178,427541,42862
28.5,9,102,203,424390,42197
28.75,9,105,203,421490,42160
29.0,16,91,173,420310,41899
29.25,10,95,180,416451,41920
29.5,9,115,184,414285,41665
29.75,13,99,198,412174,41195
30.0,5,112,163,409343,41076
30.25,7,82,162,407705,40885
30.5,15,94,162,404654,40465
30.75,6,97,155,401065,40312
31.0,4,95,150,400570,40071
31.25,12,91,164,396635,39655
31.5,15,108,167,395014,39614
31.75,7,110,178,393049,39349
32.0,10,91,139,390387,38804
32.25,11,91,158,388033,38926
32.5,10,103,157,386025,38679
32.75,16,106,149,382678,38391
33.0,3,102,139,380091,38055
33.25,9,96,127,376812,38062
33.5,14,95,144,376812,37632
33.75,7,103,151,374086,37402
34.0,7,91,121,371017,36872
34.25,7,83,134,368729,37000
34.5,11,89,117,366898,36588
34.75,13,93,136,364399,36751
35.0,17,98,140,362754,36208
35.25,9,101,140,361318,35964
35.5,4,93,137,358046,35717
35.75,4,86,125,355049,35828
36.0,9,89,117,354345,35726
36.25,10,86,122,351407,35238
36.5,5,89,119,349418,34900
36.75,11,96,131,347328,34913
37.0,7,75,124,345073,34720
37.25,6,92,120,342290,34447
37.5,4,92,125,341400,34004
37.75,7,75,141,338831,33913
38.0,14,89,99,337265,33878
38.25,7,89,108,334229,33371
38.5,7,91,121,332157,33386
38.75,16,87,104,331378,32893
39.0,7,78,140,329124,32875
39.25,14,102,90,326833,32716
39.5,8,71,110,325371,32335
39.75,11,70,128,322667,32715
40.0,10,81,115,321851,31990
40.25,9,75,109,319686,32284
40.5,14,71,89,317380,31553
40.75,13,83,105,315505,31647
41.0,11,78,116,314519,31144
41.25,8,74,96,311605,31329
41.5,17,95,89,309458,30893
41.75,9,82,113,308520,30811
42.0,6,64,109,305968,30561
42.25,9,56,100,304223,30403
42.5,7,82,113,301916,30151
42.75,8,57,112,300049,30210
43.0,11,82,93,299859,30056
43.25,7,69,94,296108,29968
43.5,9,84,105,294999,29597
43.75,12,68,80,293043,29122
44.0,7,68,102,291981,29161
44.25,3,90,110,289755,29435
44.5,11,84,83,288489,28717
44.75,7,83,105,286778,28553
45.0,8,81,117,284994,28665
45.25,8,61,90,283681,28429
45.5,6,53,82,281378,27637
45.75,10,83,105,280043,28243
46.0,6,86,98,278388,27898
46.25,7,75,112,276738,27644
46.5,8,65,87,274741,27303
46.75,7,74,91,273193,27091
47.0,8,78,113,271994,27619
47.25,5,74,88,268853,26956
47.5,5,77,111,268149,26859
47.75,9,70,105,266305,26294
48.0,12,84,86,265251,26602
48.25,7,65,108,263266,26494
48.5,7,85,96,262766,26164
48.75,7,82,96,260170,25824
49.0,9,53,96,259691,25831
49.25,4,67,86,256253,25886
49.5,9,79,96,255768,25644
49.75,9,67,79,255274,25500
50.0,8,60,95,253185,25563
50.25,12,55,97,251509,25277
50.5,3,68,80,249497,24984
50.75,2,72,93,248750,24747
51.0,10,67,83,246872,24551
51.25,6,66,85,245107,24613
51.5,10,70,117,243776,24129
51.75,4,63,89,242390,24324
52.0,7,73,91,240233,24007
52.25,6,68,93,239525,23887
52.5,6,72,86,237894,24018
52.75,5,61,88,236033,23663
53.0,5,66,79,235412,23468
53.25,6,69,99,233795,23470
53.5,7,57,71,233329,23312
53.75,7,70,78,230375,22949
54.0,8,70,102,229561,23015
54.25,8,63,71,228350,23093
54.5,9,71,93,227211,22554
54.75,11,68,85,225815,22947
55.0,6,69,78,223445,22239
55.25,9,70,78,223096,22321
55.5,8,64,96,222285,22043
55.75,6,61,88,219872,22160
56.0,6,64,88,218770,21926
56.25,5,59,89,218149,21805
56.5,4,58,79,217221,21942
56.75,2,74,81,215456,21651
57.0,4,65,87,214241,21618
57.25,8,68,77,212523,21325
57.5,5,56,88,211810,21248
57.75,4,50,91,210522,21014
58.0,2,76,82,209818,20787
58.25,8,58,97,208213,20682
58.5,6,61,88,206872,20633
58.75,6,74,81,205105,20823
59.0,5,76,85,203698,20412
59.25,9,74,91,202084,20296
59.5,9,56,81,201217,20311
59.75,13,67,88,200849,20062
60.0,7,66,72,199723,19817
60.25,13,77,65,197820,19868
60.5,4,56,82,196681,20042
60.75,5,68,83,195781,19790
61.0,8,65,68,194030,19330
61.25,7,71,77,192970,19370
61.5,4,51,59,192056,19168
61.75,5,67,74,191117,19312
62.0,12,63,84,190333,19136
62.25,5,71,78,188506,18565
62.5,10,62,93,187934,18689
62.75,3,64,73,187274,18457
63.0,10,65,67,185856,18551
63.25,6,58,71,184781,18499
63.5,3,52,72,183915,18498
63.75,6,72,74,182319,18269
64.0,7,57,72,180818,18116
64.25,13,59,88,179563,18044
64.5,5,60,71,178778,17897
64.75,9,62,77,178527,17647
65.0,8,47,67,177205,17737
65.25,3,59,55,176233,17582
65.5,10,64,87,175094,17463
65.75,7,59,83,173425,17309
66.0,4,67,83,172941,17367
66.25,5,59,76,170906,17159
66.5,8,44,71,170324,17048
66.75,2,62,67,170001,16885
67.0,3,47,63,167835,16649
67.25,8,56,64,167122,16807
67.5,4,68,72,166414,16648
67.75,4,57,77,165504,16628
68.0,6,47,65,164707,16412
68.25,5,57,75,164309,16295
68.5,7,76,66,162817,16314
68.75,6,53,69,162019,16383
69.0,5,50,81,160515,16086
69.25,11,57,93,159896,16034
69.5,6,57,81,158659,15870
69.75,5,57,71,158704,15871
70.0,4,62,79,157577,16067
70.25,10,54,72,156228,15687
70.5,9,63,77,155494,15668
70.75,3,66,86,154098,15512
71.0,6,54,74,153960,15351
71.25,5,40,65,152965,15244
71.5,5,53,68,152151,15292
71.75,12,77,61,151067,14976
72.0,6,43,49,150673,15145
72.25,7,50,63,149215,14975
72.5,4,43,60,147433,14707
72.75,5,66,69,147243,14748
73.0,12,53,75,146173,14795
73.25,7,51,68,145191,14621
73.5,7,67,76,143771,14541
73.75,6,63,78,143350,14280
74.0,8,50,66,143010,14450
74.25,3,54,76,142511,14082
74.5,8,41,58,141201,14082
74.75,6,55,62,139750,13993
75.0,9,56,68,139357,14025
75.25,4,51,96,138095,14016
75.5,7,50,70,137614,13979
75.75,11,57,59,136763,13584
76.0,3,46,74,136599,13506
76.25,3,55,75,135201,13650
76.5,6,59,85,134604,13607
76.75,6,54,62,133877,13612
77.0,8,58,68,133260,13306
77.25,6,56,59,132301,13258
77.5,6,44,46,131431,13074
77.75,3,53,65,130614,13091
78.0,7,41,67,129824,12931
78.25,5,51,55,128717,12928
78.5,8,58,56,127933,12807
78.75,8,49,69,127266,12955
79.0,4,57,58,126112,12789
79.25,7,40,68,125913,12853
79.5,4,43,58,124601,12658
79.75,4,48,57,124543,12499
80.0,4,68,75,123927,12501
80.25,5,50,49,123099,12066
80.5,7,51,77,122211,12259
80.75,10,53,53,121424,11977
81.0,6,47,52,121367,11918
81.25,6,54,63,120063,12003
81.5,6,37,50,119109,11907
81.75,4,61,68,118923,11761
82.0,6,43,66,118061,11925
82.25,8,52,53,117115,11657
82.5,5,52,53,116138,11800
82.75,4,40,73,116106,11522
83.0,7,34,80,114731,11460
83.25,6,48,67,113734,11437
83.5,7,42,58,113733,11498
83.75,4,46,64,112804,11260
84.0,4,47,71,112298,11361
84.25,4,56,50,111228,11169
84.5,2,47,40,110734,11035
84.75,4,42,61,110291,11164
85.0,5,48,52,110072,10860
85.25,4,53,69,109134,10898
85.5,8,38,61,107230,10821
85.75,5,47,64,107590,10800
86.0,4,36,60,107347,10801
86.25,3,43,62,106487,10494
86.5,4,35,72,106091,10717
86.75,10,56,57,105292,10667
87.0,5,55,77,104166,10497
87.25,3,58,66,103854,10355
87.5,3,53,58,103373,10204
87.75,1,52,55,102774,10221
88.0,5,51,54,101608,10190
88.25,8,51,53,101028,10209
88.5,5,48,62,100645,10077
88.75,4,48,70,100203,9928
89.0,3,42,57,99412,10028
89.25,3,35,61,98927,9961
89.5,3,42,63,97712,9793
89.75,5,39,57,97176,9737
90.0,3,34,49,96885,9727
90.25,2,34,61,96937,9754
90.5,4,60,47,95624,9563
90.75,4,47,59,95414,9452
91.0,4,52,49,94742,9465
91.25,9,40,75,93868,9396
91.5,5,51,65,93506,9416
91.75,9,51,62,92914,9285
92.0,6,43,56,92095,9232
92.25,7,37,57,91381,9285
92.5,3,43,51,91273,9069
92.75,6,48,50,91224,9170
93.0,2,50,48,90622,9048
93.25,1,50,56,89669,8788
93.5,9,44,56,88831,8943
93.75,6,46,42,88429,8821
94.0,4,36,50,88162,8851
94.25,5,39,49,87052,8680
94.5,4,45,50,86799,8674
94.75,4,51,65,86740,8700
95.0,4,43,54,85916,8635
95.25,3,41,47,85493,8609
95.5,3,46,58,84489,8398
95.75,5,50,57,84312,8484
96.0,8,33,58,83477,8228
96.25,7,40,61,83124,8478
96.5,6,41,60,83021,8249
96.75,2,41,52,82535,8132
97.0,4,31,64,81896,8341
97.25,9,50,56,81514,8140
97.5,2,32,63,80537,8103
97.75,6,35,51,79630,8097
98.0,3,48,45,80127,8130
98.25,1,41,48,79337,7816
98.5,2,37,58,78689,7963
98.75,5,42,60,78251,7877
99.0,7,27,42,77421,7658
99.25,5,38,51,77321,7769
99.5,3,39,55,76997,7810
99.75,1,39,47,76955,7725
100.0,3,39,54,75873,7564
100.25,4,50,58,75513,7523
100.5,3,43,60,74934,7634
100.75,5,36,45,74680,7369
101.0,5,51,45,74107,7537
101.25,5,40,33,73431,7448
101.5,5,39,54,73077,7314
101.75,6,43,54,72233,7356
102.0,3,32,47,72087,7178
102.25,4,48,51,72255,7032
102.5,2,41,52,71076,7126
102.75,2,46,51,71300,7103
103.0,4,35,57,70456,7061
103.25,5,39,55,69837,6977
103.5,4,37,45,69240,6968
103.75,5,51,64,68689,7084
104.0,1,36,62,69482,6946
104.25,6,38,46,68788,6839
104.5,1,36,51,67861,6850
104.75,5,36,50,67242,6916
105.0,4,42,48,67215,6834
105.25,5,44,47,66867,6636
105.5,2,42,56,66527,6586
105.75,12,45,45,66111,6553
106.0,3,36,64,65334,6606
106.25,5,45,45,64898,6516
106.5,5,41,65,64827,6433
106.75,5,38,42,64282,6466
107.0,7,38,64,63558,6448
107.25,4,59,59,63578,6358
107.5,3,42,54,62997,6366
107.75,3,35,47,62464,6225
108.0,6,30,57,62132,6286
108.25,2,28,38,61981,6182
108.5,7,45,37,61068,6147
108.75,5,38,40,60966,6344
109.0,12,39,40,61089,6003
109.25,3,35,43,60016,6140
109.5,5,37,41,60269,6241
109.75,4,39,40,59585,5812
110.0,9,36,40,59536,5946
110.25,2,29,46,58354,5901
110.5,5,29,55,58402,5874
110.75,4,33,46,57764,5941
111.0,5,37,49,57888,5802
111.25,9,37,49,57193,5660
111.5,0,29,32,56889,5606
111.75,3,28,50,56821,5782
112.0,4,32,48,56131,5518
112.25,5,37,38,55516,5710
112.5,4,37,61,55780,5598
112.75,3,29,56,54989,5591
113.0,3,37,50,54401,5477
113.25,3,33,47,54433,5362
113.5,2,31,59,54255,5510
113.75,8,37,53,53912,5400
114.0,3,34,31,53372,5373
114.25,6,32,50,52745,5278
114.5,7,25,46,52978,5419
114.75,4,26,32,52255,5263
115.0,4,38,50,51804,5109
115.25,4,28,39,51780,5113
115.5,1,36,41,51683,5095
115.75,1,32,56,50908,5171
116.0,3,44,34,50723,5073
116.25,3,30,44,50415,5125
116.5,4,20,33,50113,4956
116.75,4,26,48,49554,5016
117.0,5,34,32,49438,5004
117.25,3,38,41,49233,4970
117.5,2,27,57,49011,4826
117.75,5,25,48,48327,4862
118.0,6,33,38,47790,4947
118.25,4,29,38,48070,4808
118.5,3,34,36,47352,4846
118.75,4,46,48,47127,4720
119.0,6,30,46,46991,4742
119.25,6,22,42,46400,4583
119.5,2,23,40,46491,4658
119.75,1,28,56,45802,4618
120.0,4,30,55,45801,4593
120.25,5,35,51,45567,4530
120.5,5,33,52,45413,4572
120.75,8,33,44,44956,4571
121.0,2,33,49,44527,4517
121.25,3,27,43,44226,4342
121.5,1,19,36,43674,4407
121.75,3,27,48,43805,4433
122.0,4,33,48,43111,4410
122.25,4,31,48,43199,4276
122.5,1,39,36,42660,4365
122.75,6,34,38,42475,4294
123.0,3,37,51,42307,4175
123.25,2,28,55,41821,4143
123.5,4,36,42,42100,4078
123.75,4,31,33,41659,4277
124.0,1,30,41,41463,4040
124.25,1,28,49,40763,4032
124.5,3,36,38,40448,4139
124.75,2,24,44,40482,4063
125.0,2,30,46,40204,4017
125.25,2,31,35,39791,3910
125.5,9,35,29,39764,3865
125.75,2,27,47,39375,3870
126.0,3,27,50,38919,3929
126.25,8,33,41,38655,3875
126.5,6,28,40,38357,3869
126.75,6,23,35,38240,3836
127.0,5,30,43,37996,3872
127.25,7,23,41,37427,3778
127.5,6,15,36,37692,3815
127.75,6,31,39,37057,3677
128.0,3,26,45,37219,3695
128.25,2,31,40,37054,3570
128.5,5,33,31,36435,3699
128.75,6,26,50,36214,3750
129.0,1,26,38,36109,3658
129.25,3,34,41,35686,3713
129.5,2,34,42,35669,3604
129.75,7,25,39,35728,3500
130.0,2,27,43,35055,3452
130.25,5,27,39,34700,3492
130.5,3,32,51,34738,3515
130.75,6,25,39,34489,3381
131.0,1,31,38,33899,3392
131.25,1,32,37,33780,3426
131.5,4,22,40,33582,3401
131.75,1,27,28,33241,3374
132.0,4,40,37,33224,3407
132.25,3,36,44,33120,3394
132.5,3,29,35,32861,3256
132.75,4,30,42,32591,3272
133.0,4,38,45,32317,3269
133.25,3,24,35,32115,3114
133.5,6,20,38,31739,3149
133.75,5,33,51,31576,3277
134.0,2,30,40,31510,3240
134.25,3,30,45,31184,3044
134.5,3,29,34,30947,3099
134.75,6,28,30,30680,3091
135.0,4,26,33,30633,3101
135.25,4,37,43,30200,3090
135.5,3,26,31,30137,3097
135.75,5,28,34,30212,2882
136.0,5,25,31,29759,3015
136.25,5,22,33,29540,2965
136.5,3,20,31,29349,3016
136.75,2,26,37,29213,2961
137.0,4,35,43,29065,2938
137.25,2,24,44,28872,2868
137.5,4,22,30,28760,2857
137.75,4,20,26,28395,2860
138.0,2,21,44,28038,2802
138.25,1,28,34,28102,2747
138.5,1,21,31,27506,2730
138.75,6,24,49,27650,2757
139.0,4,23,40,27415,2709
139.25,2,26,43,27595,2782
139.5,5,27,38,27079,2763
139.75,5,27,33,26604,2666
140.0,4,31,34,26789,2680
140.25,6,30,45,26211,2685
140.5,5,23,42,26458,2565
140.75,2,31,47,26331,2591
141.0,3,24,37,25867,2536
141.25,5,32,43,25434,2629
141.5,6,20,29,25517,2530
141.75,6,21,44,25039,2520
142.0,2,21,31,25187,2474
142.25,5,23,37,24935,2531
142.5,2,25,36,24911,2547
142.75,3,14,36,24631,2525
143.0,5,21,34,24314,2537
143.25,2,21,43,24092,2426
143.5,2,22,35,24032,2491
143.75,3,34,35,24087,2393
144.0,6,22,28,23485,2338
144.25,6,27,53,23766,2426
144.5,2,30,31,23370,2351
144.75,2,23,34,23253,2316
145.0,3,34,39,23115,2342
145.25,4,18,31,22953,2243
145.5,3,31,32,22623,2283
145.75,6,17,33,22616,2390
146.0,1,21,29,22243,2235
146.25,1,25,29,22322,2310
146.5,4,21,33,21844,2188
146.75,3,23,29,21822,2262
147.0,5,26,28,21809,2307
147.25,4,27,44,21574,2193
147.5,3,24,36,21526,2102
147.75,2,16,33,21121,2211
148.0,0,21,36,21111,2110
148.25,4,25,24,21066,2197
148.5,2,19,34,21060,2127
148.75,4,28,35,20699,2076
149.0,6,17,33,20489,2190
149.25,1,34,33,20395,2120
149.5,6,23,28,20013,2076
149.75,3,20,25,20260,2002
150.0,0,24,28,19837,2028
150.25,2,30,26,19681,2069
150.5,2,26,33,19945,1993
150.75,4,17,25,19667,1904
151.0,3,28,25,19355,2035
151.25,2,17,29,19136,1931
151.5,3,20,39,18987,1870
151.75,0,16,34,18634,1854
152.0,2,19,32,18725,1834
152.25,5,26,38,18872,1864
152.5,5,24,34,18644,1903
152.75,4,24,37,18238,1818
153.0,3,22,25,18368,1840
153.25,7,21,34,17838,1843
153.5,2,18,35,17912,1855
153.75,2,17,50,17850,1832
154.0,7,18,44,17762,1792
154.25,4,31,29,17522,1755
154.5,2,21,33,17373,1775
154.75,2,24,32,17254,1793
155.0,2,21,26,17110,1708
155.25,0,18,43,16955,1747
155.5,4,12,31,16948,1645
155.75,2,17,32,16583,1690
156.0,2,18,33,16698,1653
156.25,3,22,35,16422,1583
156.5,1,24,30,16326,1697
156.75,2,23,32,16100,1627
157.0,1,28,39,15996,1650
157.25,3,20,21,16053,1585
157.5,1,21,38,16081,1580
157.75,2,27,27,15693,1594
158.0,1,20,31,15785,1610
158.25,1,13,35,15251,1540
158.5,3,18,30,15379,1585
158.75,3,23,40,15252,1618
159.0,3,21,30,15196,1513
159.25,3,25,40,15057,1554
159.5,1,22,25,15003,1503
159.75,1,26,32,14787,1453
160.0,4,18,34,14703,1434
160.25,4,19,31,14450,1436
160.5,4,26,26,14333,1438
160.75,2,15,30,14175,1514
161.0,1,21,35,14149,1467
161.25,4,19,28,14101,1416
161.5,1,14,32,14046,1372
161.75,0,18,38,13814,1401
162.0,0,14,37,13702,1370
162.25,5,13,37,13491,1368
162.5,2,21,38,13522,1418
162.75,1,24,34,13472,1339
163.0,1,13,32,13089,1327
163.25,4,22,33,13362,1394
163.5,1,20,33,13085,1325
163.75,2,24,26,12948,1316
164.0,3,16,34,12979,1339
164.25,0,30,32,12789,1328
164.5,2,28,30,12521,1267
164.75,4,19,22,12641,1260
165.0,2,26,17,12550,1222
165.25,2,26,26,12136,1231
165.5,3,21,19,12311,1274
165.75,2,18,30,12164,1194
166.0,4,16,28,11987,1259
166.25,4,17,24,11825,1172
166.5,6,20,31,11808,1259
166.75,6,20,40,11778,1184
167.0,1,22,25,11509,1137
167.25,1,16,25,11627,1173
167.5,4,13,31,11557,1148
167.75,4,27,29,11346,1161
168.0,3,15,26,11469,1158
168.25,2,19,29,11189,1117
168.5,4,15,31,11258,1153
168.75,6,9,25,10998,1136
169.0,2,19,38,10705,1086
169.25,9,21,31,10744,1106
169.5,2,21,27,10543,1097
169.75,5,19,23,10742,1084
170.0,5,17,22,10477,1070
170.25,3,20,31,10498,1053
170.5,2,27,29,10342,1081
170.75,2,18,34,10203,1068
171.0,5,14,31,10240,1041
171.25,3,12,35,10196,1006
171.5,0,24,22,9933,982
171.75,3,22,27,9921,1039
172.0,3,14,31,9923,964
172.25,3,14,27,9783,973
172.5,5,17,28,9691,1039
172.75,5,20,27,9599,1014
173.0,1,28,30,9539,1006
173.25,1,22,31,9587,882
173.5,3,11,29,9299,894
173.75,3,16,26,9335,951
174.0,8,10,28,9163,954
174.25,2,17,28,8968,911
174.5,4,18,19,9009,939
174.75,1,23,21,8912,899
175.0,3,16,33,9033,860
175.25,3,13,24,8628,908
175.5,2,13,23,8720,901
175.75,2,14,17,8481,866
176.0,2,13,27,8466,857
176.25,4,19,17,8482,829
176.5,1,12,29,8540,812
176.75,1,12,29,8256,835
177.0,1,19,21,8027,823
177.25,2,17,28,8092,801
177.5,2,20,30,8109,850
177.75,2,16,23,7946,795
178.0,1,17,27,7969,778
178.25,2,15,29,7714,796
178.5,3,18,23,7721,803
178.75,2,18,22,7659,816
179.0,0,26,28,7549,774
179.25,4,19,30,7489,785
179.5,2,18,31,7434,779
179.75,0,19,28,7349,764
180.0,3,8,27,7339,742
180.25,1,12,23,7143,761
180.5,1,24,21,7149,727
180.75,1,18,26,7138,689
181.0,3,18,22,7201,693
181.25,3,20,23,6996,710
181.5,2,12,30,6847,719
181.75,3,14,28,6811,743
182.0,0,12,30,6752,730
182.25,2,13,25,6655,674
182.5,3,14,22,6655,644
182.75,4,12,28,6653,698
183.0,1,10,21,6507,653
183.25,4,15,21,6624,667
183.5,3,21,32,6522,660
183.75,3,20,22,6200,609
184.0,2,15,26,6098,659
184.25,5,16,19,6268,654
184.5,4,18,27,6178,687
184.75,1,12,30,6041,679
185.0,0,13,38,6097,618
185.25,1,20,23,5975,623
185.5,0,18,27,5936,578
185.75,1,18,24,5887,563
186.0,4,16,23,5902,618
186.25,1,20,22,5734,586
186.5,2,22,27,5697,599
186.75,4,15,26,5712,572
187.0,1,16,24,5587,558
187.25,3,24,25,5533,561
187.5,1,12,24,5386,546
187.75,2,20,21,5351,613
188.0,2,14,22,5326,580
188.25,6,17,34,5334,513
188.5,4,16,28,5147,537
188.75,4,19,32,5101,519
189.0,4,10,20,5039,560
189.25,4,19,19,5105,535
189.5,1,14,33,4970,500
189.75,2,15,24,4938,519
190.0,0,9,31,4784,513
190.25,4,18,27,4817,483
190.5,3,9,30,4770,498
190.75,2,17,27,4712,469
191.0,3,8,23,4764,504
191.25,2,17,21,4675,471
191.5,1,12,21,4550,492
191.75,0,13,26,4609,445
192.0,1,13,20,4492,470
192.25,1,23,20,4512,450
192.5,0,13,23,4375,454
192.75,5,17,15,4250,418
193.0,4,16,23,4287,493
193.25,1,19,29,4368,425
193.5,2,22,16,4282,410
193.75,4,17,25,4133,439
194.0,3,10,24,4187,445
194.25,3,14,26,4082,416
194.5,2,21,37,4089,436
194.75,4,14,29,3956,416
195.0,2,9,25,3912,405
195.25,5,16,26,3799,408
195.5,3,9,24,3858,410
195.75,2,16,26,3797,403
196.0,0,14,39,3771,389
196.25,3,11,31,3708,391
196.5,0,13,26,3724,378
196.75,1,18,32,3752,380
197.0,1,11,25,3562,342
197.25,4,15,16,3555,387
197.5,3,15,19,3405,402
197.75,1,15,23,3536,321
198.0,1,10,29,3527,359
198.25,3,12,24,3436,347
198.5,1,16,24,3207,360
198.75,1,17,22,3380,356
199.0,3,8,28,3177,369
199.25,1,12,23,3198,326
199.5,1,15,24,3208,322
199.75,3,21,20,3088,354
200.0,2,16,37,3155,312
200.25,1,14,29,3063,366
200.5,2,13,24,3060,298
200.75,2,15,25,3070,319
201.0,4,13,19,2934,353
201.25,4,19,25,2940,328
201.5,6,10,18,3018,313
201.75,2,21,24,2912,306
202.0,0,12,24,2843,311
202.25,2,9,22,2877,311
202.5,5,17,29,2779,289
202.75,1,17,24,2820,295
203.0,2,16,14,2792,286
203.25,0,12,23,2677,280
203.5,4,9,20,2647,301
203.75,2,13,23,2680,289
204.0,0,11,16,2621,254
204.25,3,9,29,2461,263
204.5,0,10,22,2530,268
204.75,2,10,25,2522,272
205.0,5,12,16,2482,248
205.25,0,10,20,2437,270
205.5,3,19,30,2361,225
205.75,1,7,15,2315,253
206.0,3,7,21,2324,240
206.25,1,19,23,2263,225
206.5,3,13,27,2286,254
206.75,2,7,28,2207,223
207.0,2,11,17,2222,221
207.25,3,12,17,2169,244
207.5,0,13,17,2138,213
207.75,2,10,26,2120,235
208.0,3,15,20,2024,216
208.25,2,12,23,2013,231
208.5,4,15,17,2079,219
208.75,3,10,23,1949,213
209.0,1,8,24,2010,192
209.25,1,15,27,1922,180
209.5,6,14,25,1911,219
209.75,0,16,24,1916,222
210.0,2,7,35,1807,218
210.25,2,18,24,1717,196
210.5,3,9,18,1762,208
210.75,4,9,31,1807,218
211.0,5,6,30,1776,185
211.25,1,14,23,1781,177
211.5,2,14,23,1732,172
211.75,0,10,27,1726,192
212.0,2,16,25,1674,205
212.25,2,10,22,1623,166
212.5,2,10,13,1648,160
212.75,2,10,27,1626,174
213.0,2,12,16,1570,179
213.25,3,9,21,1590,168
213.5,1,14,16,1574,151
213.75,5,16,24,1478,197
214.0,1,11,21,1453,163
214.25,3,10,28,1433,173
214.5,2,9,26,1401,138
214.75,2,8,21,1377,143
215.0,1,13,23,1333,151
215.25,4,10,23,1360,146
215.5,2,10,17,1381,159
215.75,0,11,16,1377,161
216.0,1,11,18,1355,157
216.25,5,13,21,1307,145
216.5,1,9,18,1329,145
216.75,2,7,17,1239,146
217.0,2,11,27,1239,143
217.25,3,9,21,1233,144
217.5,5,14,24,1189,123
217.75,2,4,30,1194,126
218.0,3,13,23,1192,141
218.25,3,13,23,1128,132
218.5,2,14,14,1089,118
218.75,1,8,22,1106,123
219.0,1,9,13,1096,115
219.25,1,13,31,1037,128
219.5,0,11,18,1083,126
219.75,4,12,22,1030,110
220.0,3,12,20,1067,120
220.25,3,12,17,1007,121
220.5,1,10,18,1047,118
220.75,1,14,23,986,94
221.0,0,11,21,941,117
221.25,0,8,19,948,119
221.5,5,11,18,936,120
221.75,2,10,20,911,110
222.0,2,8,19,952,103
222.25,3,9,14,900,110
222.5,0,6,22,922,108
222.75,1,8,13,902,99
223.0,1,7,14,813,107
223.25,4,8,22,840,105
223.5,5,14,15,796,100
223.75,0,8,22,818,107
224.0,2,10,13,770,84
224.25,2,11,24,791,87
224.5,2,10,20,763,86
224.75,2,16,23,770,104
225.0,2,6,25,764,97
225.25,1,10,26,734,83
225.5,2,11,18,723,85
225.75,2,5,19,738,85
226.0,5,10,12,715,98
226.25,1,9,14,710,91
226.5,3,6,19,706,88
226.75,1,8,13,655,95
227.0,2,6,20,689,93
227.25,2,8,17,647,90
227.5,2,12,19,647,75
227.75,2,9,21,632,79
228.0,0,10,21,645,77
228.25,0,16,13,595,89
228.5,2,10,18,645,75
228.75,2,8,22,603,93
229.0,3,9,22,608,80
229.25,1,10,21,591,64
229.5,3,5,28,551,71
229.75,1,15,28,561,55
230.0,0,12,10,543,69
230.25,0,12,24,567,73
230.5,2,10,23,500,68
230.75,1,8,20,475,70
231.0,0,21,15,502,49
231.25,3,19,28,514,53
231.5,1,8,17,474,75
231.75,3,10,25,473,67
232.0,1,7,21,489,51
232.25,6,14,25,469,61
232.5,3,4,16,496,85
232.75,2,10,23,442,60
233.0,2,12,17,433,59
233.25,2,13,17,446,54
233.5,1,9,16,443,54
233.75,1,10,18,436,58
234.0,2,5,19,405,59
234.25,2,10,20,397,56
234.5,2,13,21,410,57
234.75,1,11,26,375,67
235.0,0,9,16,404,48
235.25,3,8,18,372,45
235.5,2,14,20,331,40
235.75,2,9,21,358,56
236.0,3,3,14,335,56
236.25,0,13,22,375,49
236.5,0,14,27,362,43
236.75,2,10,14,353,57
237.0,0,5,26,324,50
237.25,2,11,17,347,61
237.5,2,6,17,318,49
237.75,3,10,18,309,37
238.0,2,17,19,334,44
238.25,1,9,11,311,36
238.5,3,14,20,317,37
238.75,2,12,28,282,50
239.0,2,13,15,299,54
239.25,2,11,18,310,45
239.5,2,15,13,292,42
239.75,0,12,18,271,53
240.0,3,9,13,285,37
240.25,2,8,14,302,35
240.5,1,10,17,274,51
240.75,4,14,15,249,39
241.0,2,4,10,242,39
241.25,0,8,37,253,34
241.5,1,10,21,242,45
241.75,0,7,14,231,41
242.0,2,5,16,247,43
242.25,3,14,12,224,39
242.5,1,7,15,270,52
242.75,3,15,16,250,43
243.0,1,11,16,220,36
243.25,0,9,16,228,40
243.5,2,11,12,207,32
243.75,5,8,11,215,39
244.0,1,6,16,241,40
244.25,1,6,24,229,40
244.5,1,13,29,216,31
244.75,0,11,18,217,37
245.0,4,3,21,210,34
245.25,1,8,22,187,41
245.5,2,7,12,198,39
245.75,1,4,10,202,40
246.0,2,4,27,185,33
246.25,2,14,20,188,35
246.5,1,11,17,203,40
246.75,1,7,14,153,26
247.0,1,6,12,166,40
247.25,1,9,19,169,30
247.5,2,12,18,173,32
247.75,2,12,18,170,27
248.0,0,5,23,183,25
248.25,2,11,23,184,36
248.5,1,5,18,191,32
248.75,1,12,22,151,33
249.0,2,6,19,139,31
249.25,2,5,29,171,37
249.5,1,10,18,152,28
249.75,1,7,23,148,34
250.0,3,8,16,163,33
250.25,0,7,21,161,33
250.5,2,8,20,166,29
250.75,0,6,23,155,37
251.0,3,13,18,159,26
251.25,1,7,20,168,27
251.5,2,6,12,144,27
251.75,1,4,15,134,34
252.0,2,11,21,138,30
252.25,1,10,15,151,28
252.5,1,8,16,141,28
252.75,3,12,23,133,33
253.0,0,10,16,126,25
253.25,4,10,14,123,30
253.5,0,7,23,145,29
253.75,1,4,12,137,30
254.0,1,10,20,119,34
254.25,1,7,15,140,28
254.5,3,7,20,129,28
254.75,4,9,15,118,31
255.0,3,13,18,132,25
255.25,0,8,23,105,25
255.5,4,14,16,116,27
255.75,0,7,11,109,27
256.0,0,16,19,108,25
256.25,1,9,19,106,23
256.5,3,9,17,118,23
256.75,3,3,21,118,30
257.0,4,13,18,109,29
257.25,1,7,20,118,27
257.5,2,8,15,115,15
257.75,5,12,13,111,26
258.0,1,7,15,101,28
258.25,1,3,16,110,24
258.5,3,4,14,131,26
258.75,5,4,20,113,32
259.0,3,7,16,112,24
259.25,1,3,16,90,26
259.5,2,1,21,84,30
259.75,2,11,7,98,23
260.0,0,13,17,94,24
260.25,0,8,26,116,31
260.5,4,9,17,92,24
260.75,2,9,12,118,24
261.0,1,5,16,104,26
261.25,2,3,19,59,28
261.5,1,2,23,80,29
261.75,1,10,19,90,23
262.0,2,7,22,86,28
262.25,1,8,14,70,21
262.5,1,7,21,100,24
262.75,2,9,18,68,32
263.0,0,3,13,89,28
263.25,0,5,14,94,26
263.5,0,7,21,89,23
263.75,0,4,18,99,32
264.0,1,8,17,89,19
264.25,3,7,12,82,25
264.5,0,6,13,115,30
264.75,6,11,12,80,29
265.0,0,7,21,83,20
265.25,1,6,22,73,19
265.5,1,8,13,93,20
265.75,3,10,11,79,24
266.0,0,9,28,86,23
266.25,1,6,13,75,23
266.5,2,4,22,80,28
266.75,2,5,17,72,17
267.0,2,11,21,74,25
267.25,4,7,10,70,28
267.5,1,7,22,82,35
267.75,2,8,23,72,16
268.0,2,8,11,82,26
268.25,2,5,18,61,27
268.5,1,7,16,76,22
268.75,1,7,17,58,18
269.0,1,7,11,77,22
269.25,0,8,13,86,29
269.5,2,9,12,75,13
269.75,1,4,13,71,23
270.0,2,10,22,60,24
270.25,0,4,10,65,21
270.5,5,9,18,67,13
270.75,2,9,22,69,19
271.0,0,6,18,50,25
271.25,1,5,12,66,20
271.5,1,8,20,58,22
271.75,1,7,18,76,22
272.0,0,9,18,71,33
272.25,1,7,15,56,19
272.5,3,8,16,70,27
272.75,2,11,7,69,22
273.0,0,7,17,57,20
273.25,1,4,16,74,25
273.5,1,7,14,79,20
273.75,0,13,18,74,24
274.0,0,6,12,64,28
274.25,1,12,15,70,32
274.5,1,7,13,62,14
274.75,6,9,21,63,18
275.0,1,6,18,60,17
275.25,0,5,21,66,20
275.5,0,10,15,79,15
275.75,2,5,21,67,26
276.0,4,6,15,54,15
276.25,1,9,13,68,24
276.5,3,3,11,49,24
276.75,2,3,15,56,19
277.0,0,4,14,72,21
277.25,3,11,16,62,18
277.5,3,4,21,69,10
277.75,3,7,22,68,27
278.0,1,8,7,68,17
278.25,0,4,24,66,32
278.5,0,9,13,56,15
278.75,0,12,17,63,25
279.0,4,7,20,62,21
279.25,2,11,15,61,33
279.5,3,8,17,68,22
279.75,1,5,12,72,23
280.0,3,8,9,68,23
280.25,1,8,13,54,21
280.5,1,3,11,62,22
280.75,0,9,12,39,19
281.0,0,5,16,57,16
281.25,2,4,26,57,19
281.5,1,3,12,59,25
281.75,2,7,13,64,19
282.0,1,5,15,58,19
282.25,2,2,15,44,22
282.5,3,4,22,41,21
282.75,2,8,19,60,18
283.0,1,7,13,62,23
283.25,2,6,16,55,27
283.5,0,6,19,41,15
283.75,0,6,13,58,28
284.0,0,6,11,53,28
284.25,1,9,16,43,23
284.5,0,8,13,58,13
284.75,1,7,13,55,14
285.0,2,6,16,46,26
285.25,2,8,23,49,29
285.5,0,4,14,55,20
285.75,3,8,21,63,17
286.0,1,8,16,48,19
286.25,2,5,23,61,26
286.5,3,5,15,49,15
286.75,1,9,16,64,23
287.0,2,8,14,44,19
287.25,1,8,16,55,13
287.5,1,6,16,48,19
287.75,1,7,15,68,15
288.0,2,4,13,62,23
288.25,0,8,13,57,26
288.5,2,6,18,54,24
288.75,0,8,12,54,24
289.0,1,6,17,45,24
289.25,0,6,28,55,20
289.5,2,9,13,45,16
289.75,0,8,17,43,19
290.0,3,6,17,66,22
290.25,2,8,18,49,24
290.5,1,5,11,37,25
290.75,3,6,20,48,22
291.0,1,5,10,54,7
291.25,1,4,10,49,22
291.5,1,6,14,50,18
291.75,1,4,17,51,24
292.0,2,6,16,62,19
292.25,1,6,16,48,16
292.5,1,5,13,48,22
292.75,2,9,18,56,24
293.0,0,10,16,45,14
293.25,1,9,16,43,21
293.5,4,6,16,55,24
293.75,2,5,16,41,16
294.0,0,5,22,38,17
294.25,1,7,12,47,18
294.5,1,5,19,51,20
294.75,2,4,16,52,14
295.0,2,7,11,61,21
295.25,1,2,20,55,16
295.5,0,4,16,54,21
295.75,0,8,13,53,19
296.0,2,8,15,56,19
296.25,0,6,11,57,18
296.5,2,5,20,51,26
296.75,4,7,8,38,13
297.0,3,5,26,49,16
297.25,1,9,11,54,19
297.5,1,7,14,49,22
297.75,1,2,15,59,10
298.0,0,4,12,52,22
298.25,2,6,14,53,22
298.5,0,4,16,36,24
298.75,1,7,19,70,23
299.0,2,6,13,52,27
299.25,1,6,19,34,21
299.5,3,10,12,61,22
299.75,1,10,14,48,16
300.0,2,5,11,40,23
300.25,1,8,20,50,15
300.5,1,6,11,30,24
300.75,2,5,14,48,21
301.0,0,7,16,46,18
301.25,0,7,8,43,22
301.5,3,7,8,45,17
301.75,2,7,8,42,18
302.0,3,4,16,56,28
302.25,1,3,12,56,28
302.5,3,1,13,41,25
302.75,1,4,18,41,16
303.0,1,5,15,46,24
303.25,1,4,11,53,17
303.5,0,4,17,61,18
303.75,1,3,18,43,29
304.0,2,6,14,41,16
304.25,1,6,13,38,16
304.5,3,1,11,45,26
304.75,4,3,13,47,14
305.0,3,5,13,43,17
305.25,3,3,11,40,22
305.5,0,6,17,49,26
305.75,2,2,20,42,12
306.0,2,6,15,37,14
306.25,3,3,14,50,16
306.5,2,3,8,37,18
306.75,3,5,13,39,19
307.0,1,7,16,38,16
307.25,0,1,16,46,25
307.5,0,4,16,43,15
307.75,0,4,16,44,32
308.0,1,11,17,50,25
308.25,1,7,17,57,20
308.5,0,3,11,36,23
308.75,0,9,14,46,21
309.0,2,6,18,40,23
309.25,1,6,11,51,17
309.5,0,5,15,35,21
309.75,2,2,18,39,16
310.0,1,10,19,40,29
310.25,1,5,12,49,23
310.5,0,2,12,37,22
310.75,1,7,9,37,21
311.0,2,8,10,48,23
311.25,1,6,20,57,18
311.5,2,8,11,42,15
311.75,1,3,16,44,27
312.0,2,5,22,46,19
312.25,4,6,17,46,26
312.5,0,5,23,36,24
312.75,3,4,8,48,16
313.0,1,2,12,54,14
313.25,1,4,16,42,12
313.5,2,5,14,39,22
313.75,2,7,12,46,21
314.0,0,6,14,41,16
314.25,4,6,14,35,26
314.5,2,3,15,38,11
314.75,1,4,17,61,21
315.0,2,5,17,42,26
315.25,2,5,15,41,9
315.5,1,6,12,36,24
315.75,2,8,11,44,18
316.0,0,2,12,48,10
316.25,3,3,12,39,18
316.5,0,5,22,30,20
316.75,0,8,20,55,19
317.0,1,6,12,46,20
317.25,0,7,16,29,19
317.5,0,5,20,55,20
317.75,2,5,9,36,17
318.0,3,3,15,37,16
318.25,2,8,11,35,12
318.5,0,5,17,34,13
318.75,2,5,22,45,27
319.0,4,2,9,32,17
319.25,1,2,21,50,16
319.5,1,4,11,50,21
319.75,3,6,14,52,15
320.0,0,4,14,43,22
320.25,0,0,10,38,30
320.5,2,2,13,41,20
320.75,2,1,9,43,22
321.0,1,2,15,50,23
321.25,0,6,22,35,21
321.5,4,3,17,50,19
321.75,2,2,10,36,11
322.0,2,3,16,53,14
322.25,1,9,22,40,16
322.5,1,2,12,41,17
322.75,1,3,13,45,22
323.0,1,6,12,35,20
323.25,1,3,10,35,18
323.5,2,1,20,49,22
323.75,0,0,18,23,24
324.0,2,4,9,35,24
324.25,2,8,17,43,23
324.5,5,5,10,34,27
324.75,3,5,18,40,24
325.0,0,1,12,37,20
325.25,1,3,13,29,21
325.5,1,2,12,38,16
325.75,4,6,14,47,15
326.0,3,5,10,41,17
326.25,1,4,17,44,25
326.5,0,5,14,47,26
326.75,1,2,10,30,24
327.0,0,4,11,40,12
327.25,4,6,15,31,16
327.5,2,7,9,38,24
327.75,0,7,12,44,13
328.0,0,2,22,22,27
328.25,1,4,6,32,23
328.5,0,2,22,46,11
328.75,1,3,24,30,25
329.0,0,2,19,29,21
329.25,5,1,6,36,17
329.5,2,4,13,49,16
329.75,0,4,11,34,22
330.0,4,2,14,51,14
330.25,0,2,16,29,14
330.5,0,5,13,35,30
330.75,0,6,21,34,14
331.0,2,6,14,41,10
331.25,1,5,15,43,23
331.5,1,0,11,37,19
331.75,0,5,8,49,18
332.0,2,1,19,36,24
332.25,1,3,14,48,25
332.5,3,7,13,39,16
332.75,1,1,13,47,21
333.0,4,3,12,38,18
333.25,0,4,12,34,24
333.5,0,3,18,29,17
333.75,0,2,10,31,19
334.0,0,3,14,31,25
334.25,2,5,19,23,25
334.5,2,3,15,39,11
334.75,0,3,16,41,22
335.0,1,2,11,28,21
335.25,0,7,14,36,21
335.5,1,1,17,47,10
335.75,1,3,10,31,22
336.0,0,5,19,37,31
336.25,0,3,17,32,24
336.5,1,9,18,38,23
336.75,1,4,13,34,10
337.0,3,7,12,46,20
337.25,1,3,16,41,28
337.5,1,2,12,40,20
337.75,1,3,14,32,18
338.0,1,3,11,43,32
338.25,0,4,8,41,22
338.5,2,3,16,43,19
338.75,2,1,7,36,15
339.0,2,4,14,36,23
339.25,0,1,13,38,16
339.5,0,10,25,37,18
339.75,1,3,12,41,22
340.0,1,3,10,30,27
340.25,0,2,21,39,17
340.5,0,4,18,32,19
340.75,1,5,18,37,14
341.0,1,5,16,35,16
341.25,0,2,11,36,13
341.5,0,5,19,38,11
341.75,0,3,13,40,22
342.0,0,3,15,40,18
342.25,2,2,14,40,21
342.5,4,12,16,41,20
342.75,3,8,13,39,18
343.0,3,3,11,45,20
343.25,1,4,16,27,21
343.5,1,3,6,43,21
343.75,3,6,6,33,15
344.0,1,2,20,39,20
344.25,1,4,12,40,15
344.5,5,5,13,34,19
344.75,3,3,19,44,16
345.0,2,7,21,41,16
345.25,1,1,12,35,12
345.5,0,4,19,37,17
345.75,0,5,16,31,27
346.0,2,3,10,33,28
346.25,0,4,15,34,21
346.5,5,5,16,35,24
346.75,2,7,10,37,17
347.0,2,4,9,30,12
347.25,4,3,19,46,21
347.5,0,4,14,37,15
347.75,0,3,14,40,19
348.0,4,2,17,41,17
348.25,4,7,13,41,22
348.5,2,8,8,37,19
348.75,0,3,13,29,26
349.0,1,2,16,37,19
349.25,1,4,16,26,18
349.5,1,4,10,39,21
349.75,1,2,15,31,15
350.0,0,11,17,35,18
350.25,1,0,17,31,22
350.5,2,8,19,42,19
350.75,3,7,20,39,19
351.0,3,4,18,42,14
351.25,2,6,11,38,28
351.5,3,5,8,27,19
351.75,1,6,8,42,13
352.0,1,2,14,31,30
352.25,1,6,18,38,15
352.5,2,3,11,37,16
352.75,0,3,6,36,18
353.0,0,4,14,37,19
353.25,2,6,7,35,16
353.5,0,5,13,36,20
353.75,2,4,15,35,22
354.0,1,0,7,29,20
354.25,1,5,20,36,27
354.5,3,0,20,27,23
354.75,2,4,10,38,20
355.0,1,5,10,37,21
355.25,3,2,14,34,20
355.5,1,3,9,43,23
355.75,1,5,5,36,17
356.0,2,2,13,26,20
356.25,2,4,30,40,17
356.5,0,3,16,28,20
356.75,0,2,19,41,13
357.0,0,1,9,38,14
357.25,1,0,11,34,28
357.5,2,2,17,37,13
357.75,1,5,19,38,12
358.0,0,3,12,34,13
358.25,1,4,12,32,10
358.5,0,3,22,27,24
358.75,0,4,10,41,16
359.0,3,9,15,32,14
359.25,1,2,13,38,21
359.5,3,2,18,41,26
359.75,0,2,20,35,18
360.0,0,5,9,42,19
360.25,1,5,10,38,17
360.5,0,3,20,31,25
360.75,1,6,13,43,25
361.0,1,8,13,37,20
361.25,2,2,13,37,18
361.5,2,5,16,28,21
361.75,1,3,11,53,17
362.0,1,4,24,32,18
362.25,0,8,12,44,23
362.5,0,4,13,33,20
362.75,2,5,16,37,16
363.0,0,4,15,30,26
363.25,0,1,9,39,11
363.5,2,5,10,28,14
363.75,1,2,13,33,19
364.0,3,5,18,37,18
364.25,0,3,17,40,23
364.5,1,5,11,37,18
364.75,0,5,11,29,13
365.0,3,3,16,37,17
365.25,2,4,13,29,19
365.5,0,6,19,30,17
365.75,1,5,11,39,13
366.0,1,2,12,36,16
366.25,1,4,14,25,26
366.5,1,8,11,31,22
366.75,0,5,9,26,14
367.0,0,8,11,41,18
367.25,3,2,14,34,19
367.5,1,5,12,38,20
367.75,3,2,14,31,19
368.0,1,3,13,39,31
368.25,3,3,15,39,18
368.5,1,0,16,29,18
368.75,3,3,10,30,16
369.0,1,1,9,26,16
369.25,0,2,14,33,27
369.5,0,6,15,46,21
369.75,0,3,16,39,26
370.0,1,3,13,34,20
370.25,1,3,12,43,16
370.5,2,7,12,27,24
370.75,2,5,15,36,21
371.0,1,2,14,31,18
371.25,1,5,12,38,18
371.5,2,6,15,32,19
371.75,0,6,7,31,19
372.0,0,9,11,35,19
372.25,0,6,15,35,17
372.5,0,1,17,28,17
372.75,0,2,14,33,19
373.0,1,2,10,33,15
373.25,0,2,19,37,16
373.5,0,2,19,25,16
373.75,0,4,17,27,15
374.0,0,7,11,36,18
374.25,4,2,16,36,20
374.5,0,6,9,28,18
374.75,1,4,20,22,24
375.0,1,1,10,23,27
375.25,0,3,15,39,22
375.5,0,6,9,34,21
375.75,0,4,12,27,20
376.0,1,4,14,32,22
376.25,2,3,13,28,20
376.5,1,3,20,42,19
376.75,2,4,10,20,25
377.0,1,4,17,29,17
377.25,4,8,11,36,19
377.5,2,2,14,35,21
377.75,1,1,10,33,15
378.0,0,4,7,33,22
378.25,2,7,12,37,17
378.5,0,2,11,30,17
378.75,0,4,13,32,22
379.0,3,3,12,38,16
379.25,1,6,15,33,19
379.5,2,3,10,34,15
379.75,0,3,13,38,13
380.0,0,4,18,40,15
380.25,0,6,11,39,19
380.5,0,2,9,30,18
380.75,0,3,14,32,19
381.0,1,3,11,24,19
381.25,1,3,17,33,14
381.5,1,2,18,29,16
381.75,1,3,13,32,21
382.0,1,4,17,40,15
382.25,3,2,9,36,20
382.5,0,1,6,25,19
382.75,3,2,9,16,10
383.0,2,2,14,30,7
383.25,0,2,17,37,17
383.5,1,6,19,33,21
383.75,1,4,13,42,18
384.0,3,4,9,35,13
384.25,0,2,12,29,18
384.5,1,3,13,33,19
384.75,2,4,13,32,12
385.0,0,0,15,31,17
385.25,1,5,15,34,16
385.5,1,6,16,30,20
385.75,1,2,14,46,19
386.0,0,4,21,27,26
386.25,3,2,12,36,25
386.5,0,3,9,33,19
386.75,0,1,16,35,23
387.0,2,4,16,41,19
387.25,2,4,6,29,16
387.5,2,3,9,34,15
387.75,0,2,7,35,29
388.0,0,3,15,38,14
388.25,1,2,12,33,13
388.5,2,2,15,36,17
388.75,0,4,17,35,17
389.0,0,5,14,37,15
389.25,1,3,9,36,12
389.5,2,3,13,31,13
389.75,1,5,13,29,24
390.0,0,2,10,33,23
390.25,1,5,15,43,22
390.5,1,4,14,34,17
390.75,0,3,12,38,20
391.0,1,6,13,34,16
391.25,0,2,15,24,21
391.5,2,2,8,27,12
391.75,1,4,13,36,23
392.0,1,1,8,28,17
392.25,1,4,16,33,27
392.5,0,2,11,30,18
392.75,1,5,18,35,17
393.0,2,1,22,33,14
393.25,1,2,14,32,14
393.5,2,5,9,32,17
393.75,0,3,16,26,12
394.0,2,2,18,29,23
394.25,1,5,11,27,19
394.5,1,5,10,27,23
394.75,2,2,15,30,19
395.0,0,0,13,36,11
395.25,1,1,8,31,22
395.5,3,3,13,30,21
395.75,0,4,19,30,25
396.0,3,4,13,25,26
396.25,1,1,21,23,18
396.5,0,3,14,44,15
396.75,1,1,9,39,20
397.0,1,4,8,32,23
397.25,3,3,10,31,17
397.5,2,3,8,33,18
397.75,0,2,15,35,26
398.0,1,2,13,38,25
398.25,4,4,8,37,13
398.5,3,3,18,27,22
398.75,1,5,16,38,16
399.0,0,3,7,25,12
399.25,0,2,6,26,17
399.5,2,0,14,31,16
399.75,2,3,9,27,17
400.0,1,3,11,41,21
400.25,0,4,9,27,16
400.5,1,0,11,33,13
400.75,0,3,17,25,13
401.0,1,5,15,38,20
401.25,0,2,13,26,8
401.5,0,4,16,27,19
401.75,0,4,7,33,14
402.0,2,3,15,18,19
402.25,1,5,9,35,24
402.5,1,4,12,27,19
402.75,1,3,13,33,16
403.0,1,3,10,36,23
403.25,0,6,11,40,24
403.5,3,2,9,29,12
403.75,1,2,15,30,23
404.0,1,3,16,27,21
404.25,2,3,16,37,19
404.5,0,3,14,43,12
404.75,1,7,7,35,20
405.0,2,0,8,23,23
405.25,0,2,16,33,21
405.5,2,7,4,18,16
405.75,3,2,11,43,19
406.0,0,2,18,31,28
406.25,0,2,9,30,16
406.5,0,4,17,33,18
406.75,0,2,10,38,21
407.0,1,6,9,25,27
407.25,4,5,15,32,17
407.5,0,5,17,34,21
407.75,0,2,11,22,15
408.0,0,6,17,26,10
408.25,0,3,14,32,24
408.5,4,1,10,34,20
408.75,2,4,14,37,15
409.0,1,7,11,31,29
409.25,2,1,21,23,17
409.5,0,3,17,39,16
409.75,0,9,13,25,21
410.0,1,5,13,33,20
410.25,0,6,14,30,23
410.5,2,1,14,28,22
410.75,0,2,17,28,13
411.0,1,5,16,40,18
411.25,2,3,12,29,10
411.5,1,4,12,31,18
411.75,3,2,13,24,12
412.0,1,7,15,30,22
412.25,0,4,17,32,23
412.5,1,7,10,33,15
412.75,0,2,13,35,15
413.0,2,4,11,34,10
413.25,0,4,10,38,16
413.5,0,2,14,22,16
413.75,1,5,14,30,14
414.0,2,2,7,28,13
414.25,1,3,6,35,20
414.5,0,9,15,29,16
414.75,2,3,18,30,17
415.0,1,3,12,37,20
415.25,0,2,13,25,24
415.5,0,3,16,38,13
415.75,1,1,20,41,17
416.0,0,3,9,39,20
416.25,1,4,14,21,16
416.5,1,8,13,30,24
416.75,2,4,12,22,19
417.0,0,1,14,19,21
417.25,2,3,13,33,17
417.5,1,4,11,35,17
417.75,0,4,16,33,17
418.0,2,4,15,28,20
418.25,1,2,12,34,17
418.5,1,2,16,28,24
418.75,1,3,17,32,23
419.0,0,4,5,36,22
419.25,2,5,10,25,28
419.5,1,2,9,24,13
419.75,1,2,9,26,25
420.0,0,3,9,31,14
420.25,1,3,15,30,16
420.5,2,3,11,30,19
420.75,3,3,11,29,15
421.0,1,0,7,20,14
421.25,1,1,13,29,17
421.5,0,7,9,35,15
421.75,0,9,8,32,22
422.0,2,3,10,32,19
422.25,0,5,15,34,12
422.5,1,2,8,26,16
422.75,1,5,10,27,20
423.0,1,1,14,31,19
423.25,3,3,13,39,14
423.5,0,2,8,32,16
423.75,2,3,14,28,15
424.0,1,4,14,26,21
424.25,1,4,8,40,16
424.5,1,2,14,26,24
424.75,0,0,16,29,24
425.0,3,1,17,28,24
425.25,1,3,3,32,16
425.5,3,2,22,36,13
425.75,1,4,13,25,26
426.0,1,0,15,29,10
426.25,1,6,23,32,17
426.5,2,3,16,20,19
426.75,1,0,9,29,20
427.0,1,3,6,19,25
427.25,2,1,14,39,22
427.5,0,5,8,36,21
427.75,0,3,9,31,25
428.0,1,2,13,27,21
428.25,1,5,12,24,15
428.5,1,2,10,22,20
428.75,1,5,13,27,23
429.0,2,2,24,32,15
429.25,0,2,14,27,14
429.5,1,1,10,20,21
429.75,1,1,13,38,17
430.0,0,6,12,25,18
430.25,0,0,11,29,15
430.5,1,4,12,24,22
430.75,1,1,16,42,16
431.0,1,3,14,28,21
431.25,4,3,7,21,18
431.5,0,3,12,28,18
431.75,0,3,9,37,24
432.0,1,2,13,34,18
432.25,0,5,14,20,24
432.5,2,3,12,29,23
432.75,5,3,9,44,19
433.0,0,3,10,29,14
433.25,1,2,11,30,18
433.5,1,5,16,30,11
433.75,0,3,21,23,17
434.0,3,2,11,36,16
434.25,1,3,24,19,19
434.5,0,3,15,31,23
434.75,0,1,11,30,33
435.0,0,3,10,35,15
435.25,1,2,14,33,18
435.5,3,1,13,27,24
435.75,0,4,11,34,15
436.0,0,4,9,23,19
436.25,0,1,14,25,14
436.5,5,1,14,23,15
436.75,0,4,10,25,9
437.0,1,2,12,35,15
437.25,0,4,15,21,16
437.5,1,3,13,31,20
437.75,0,7,10,25,23
438.0,5,2,8,25,6
438.25,2,4,15,31,15
438.5,2,1,12,19,21
438.75,1,3,16,20,20
439.0,0,5,10,36,20
439.25,2,6,11,30,20
439.5,0,2,11,14,13
439.75,1,7,9,25,15
440.0,0,2,16,35,19
440.25,0,2,8,28,16
440.5,1,1,13,35,23
440.75,2,3,16,26,19
441.0,0,3,12,35,16
441.25,0,4,14,30,16
441.5,1,1,14,33,18
441.75,0,4,17,26,20
442.0,0,0,9,35,17
442.25,0,3,10,33,20
442.5,0,4,11,19,17
442.75,1,5,18,26,18
443.0,0,2,15,28,18
443.25,1,3,12,31,20
443.5,1,1,14,38,21
443.75,0,0,10,32,15
444.0,1,4,11,34,21
444.25,0,1,15,30,16
444.5,1,1,12,30,18
444.75,2,3,14,27,17
445.0,0,3,11,29,21
445.25,1,4,14,33,22
445.5,2,2,9,17,20
445.75,1,3,16,23,11
446.0,3,4,12,29,17
446.25,0,2,7,39,15
446.5,1,1,8,33,15
446.75,0,2,20,26,23
447.0,0,3,11,26,23
447.25,0,3,10,22,7
447.5,1,5,17,27,18
447.75,0,0,12,26,12
448.0,2,5,14,34,15
448.25,2,3,13,21,13
448.5,0,0,17,35,17
448.75,2,3,6,31,13
449.0,0,0,22,21,22
449.25,2,4,9,25,19
449.5,1,2,15,32,19
449.75,0,1,7,20,14
450.0,1,1,23,31,15
450.25,2,3,11,24,23
450.5,0,3,10,30,17
450.75,0,3,11,38,22
451.0,1,2,19,36,13
451.25,2,3,13,24,26
451.5,0,2,7,29,24
451.75,1,5,12,39,24
452.0,0,5,12,32,20
452.25,0,2,11,32,8
452.5,0,2,15,34,23
452.75,0,1,5,31,19
453.0,2,3,12,18,15
453.25,2,1,12,21,18
453.5,0,3,8,31,20
453.75,1,2,14,39,26
454.0,0,2,9,22,17
454.25,1,3,7,28,22
454.5,2,1,17,37,22
454.75,3,2,12,20,14
455.0,0,1,9,24,23
455.25,1,2,11,23,20
455.5,2,2,11,16,20
455.75,0,4,17,31,25
456.0,0,4,9,21,21
456.25,0,2,10,25,19
456.5,1,3,13,27,18
456.75,0,2,21,25,18
457.0,4,2,10,22,18
457.25,0,7,11,21,17
457.5,1,5,10,22,21
457.75,1,1,7,35,14
458.0,1,3,6,25,15
458.25,1,1,11,30,12
458.5,1,2,14,30,25
458.75,0,2,15,35,15
459.0,0,2,14,23,21
459.25,1,1,13,25,22
459.5,1,0,5,29,16
459.75,0,5,12,19,16
460.0,2,3,13,25,17
460.25,3,7,13,36,18
460.5,0,1,16,26,12
460.75,0,2,8,32,14
461.0,1,1,18,34,18
461.25,3,2,13,18,20
461.5,0,4,13,33,19
461.75,0,2,10,32,17
462.0,0,1,15,26,19
462.25,0,4,13,45,15
462.5,1,3,12,34,16
462.75,3,4,10,35,18
463.0,1,5,15,32,16
463.25,1,1,14,27,14
463.5,2,4,15,35,24
463.75,2,2,5,34,17
464.0,2,5,4,26,15
464.25,0,6,17,26,23
464.5,0,3,12,29,19
464.75,0,3,13,40,21
465.0,1,1,13,37,20
465.25,1,1,12,39,19
465.5,0,1,6,27,22
465.75,1,2,15,21,13
466.0,2,1,13,31,21
466.25,1,1,10,23,17
466.5,3,1,13,27,25
466.75,5,1,15,30,19
467.0,0,2,10,34,14
467.25,0,1,9,43,17
467.5,3,2,14,22,22
467.75,2,4,13,23,16
468.0,0,3,12,39,26
468.25,0,3,15,30,22
468.5,1,2,13,30,13
468.75,0,1,9,27,22
469.0,1,4,11,26,13
469.25,0,3,13,28,19
469.5,0,3,18,29,19
469.75,0,4,11,29,20
470.0,2,6,12,37,15
470.25,0,4,10,29,12
470.5,2,7,10,43,17
470.75,0,4,10,27,18
471.0,0,4,15,28,27
471.25,1,5,15,18,14
471.5,3,1,10,31,14
471.75,2,4,7,35,16
472.0,1,1,8,32,22
472.25,1,2,12,27,16
472.5,2,4,16,25,26
472.75,1,7,12,31,14
473.0,1,5,13,30,21
473.25,2,0,9,31,19
473.5,1,3,12,26,16
473.75,0,3,9,34,17
474.0,1,1,15,30,18
474.25,0,3,11,29,21
474.5,0,3,14,32,23
474.75,1,3,8,29,19
475.0,1,0,21,29,18
475.25,1,2,13,27,21
475.5,1,1,10,19,16
475.75,0,5,11,32,16
476.0,1,2,17,27,18
476.25,2,3,12,30,19
476.5,2,1,9,21,13
476.75,0,2,17,29,23
477.0,1,3,13,28,23
477.25,0,2,13,24,18
477.5,0,1,9,30,19
477.75,1,0,15,22,15
478.0,0,3,16,26,14
478.25,3,5,12,25,20
478.5,0,2,11,32,10
478.75,1,1,12,30,16
479.0,1,3,5,21,27
479.25,1,3,13,23,17
479.5,1,4,14,24,25
479.75,1,1,11,24,20
480.0,2,0,11,29,14
480.25,1,1,9,29,11
480.5,0,1,12,40,18
480.75,0,2,14,39,12
481.0,3,2,4,36,20
481.25,1,2,15,35,19
481.5,1,2,14,29,22
481.75,1,1,16,27,21
482.0,2,2,13,27,14
482.25,2,2,17,33,15
482.5,3,1,13,24,23
482.75,0,0,7,21,16
483.0,2,1,12,32,23
483.25,1,1,8,22,19
483.5,0,2,8,33,26
483.75,1,2,13,34,17
484.0,1,3,15,28,18
484.25,0,1,12,29,16
484.5,1,7,21,33,20
484.75,1,3,8,23,11
485.0,0,4,11,32,24
485.25,0,2,12,25,19
485.5,1,3,13,25,10
485.75,1,0,16,30,13
486.0,1,2,0,22,10
486.25,0,4,13,31,22
486.5,3,3,11,29,15
486.75,2,1,10,32,18
487.0,2,2,8,22,14
487.25,1,5,11,19,15
487.5,2,2,14,27,16
487.75,0,3,5,31,21
488.0,0,3,14,22,15
488.25,2,2,11,27,24
488.5,1,1,14,32,15
488.75,0,3,11,24,23
489.0,0,0,8,24,28
489.25,1,1,11,29,12
489.5,1,4,11,36,10
489.75,0,2,9,17,28
490.0,2,0,13,30,22
490.25,0,0,21,35,22
490.5,1,1,14,22,13
490.75,1,2,10,27,11
491.0,1,5,12,37,17
491.25,2,4,15,23,15
491.5,1,2,17,35,22
491.75,2,0,13,24,23
492.0,1,1,13,29,21
492.25,2,5,10,24,17
492.5,0,6,17,35,13
492.75,0,2,8,18,17
493.0,0,2,13,24,18
493.25,1,2,9,23,19
493.5,2,3,19,30,19
493.75,2,1,11,21,19
494.0,0,3,14,36,14
494.25,0,2,13,24,13
494.5,0,3,11,22,21
494.75,1,2,14,27,11
495.0,1,2,21,30,9
495.25,0,2,12,27,21
495.5,0,1,9,20,20
495.75,0,1,15,32,26
496.0,2,2,14,25,10
496.25,2,2,9,35,18
496.5,1,3,8,34,22
496.75,1,5,16,26,16
497.0,2,1,16,42,17
497.25,1,4,7,28,17
497.5,3,5,12,19,20
497.75,1,3,14,27,14
498.0,1,2,12,24,23
498.25,1,2,13,28,20
498.5,2,3,6,29,19
498.75,1,3,15,22,13
499.0,1,1,12,29,15
499.25,0,2,15,35,18
499.5,1,2,15,23,12
499.75,0,2,16,20,16
500.0,1,1,15,25,23
